"ec1";"ec2";"ec3";"ec4";"ec5";"ec6";"pt1";"pt2";"pt3";"pt4";"pt5";"pt6";"sex"
2.28571428571429;2;2.71428571428571;2.71428571428571;2.57142857142857;3;2;2;2.42857142857143;2.14285714285714;2.28571428571429;2.57142857142857;"M"
2.42857142857143;3.14285714285714;3.14285714285714;3.42857142857143;4.14285714285714;3.70204761904762;2.42857142857143;2.85714285714286;3;2.28571428571429;2.57142857142857;2.42857142857143;"M"
2.42857142857143;4.28571428571429;3.28571428571429;3.42857142857143;3.57142857142857;3.57142857142857;1.71428571428571;3.14285714285714;3.57142857142857;3.14285714285714;3.14285714285714;3;"M"
2.71428571428571;2.71428571428571;1.14285714285714;3.42857142857143;3.28571428571429;2.85714285714286;2.14285714285714;2.42857142857143;3;3.42857142857143;3.28571428571429;3.05156229053633;"M"
1.85714285714286;2.42857142857143;2.28571428571429;2.56427142857144;2.82565238095239;3.14285714285714;2.28571428571429;2.57142857142857;2.85714285714286;2.85656666666668;2.40467142857143;2.85380327731951;"M"
2.71428571428571;3.42857142857143;2.83333333333333;4;4.42857142857143;4.42857142857143;2.85714285714286;2.85714285714286;3.28571428571429;3.57142857142857;3.42857142857143;2.42857142857143;"M"
2.85714285714286;2.42857142857143;3;2.85714285714286;3.57142857142857;3.42857142857143;2.42857142857143;2.14285714285714;2.28571428571429;3;2.71428571428571;3;"M"
2.71428571428571;3;2.42857142857143;3.14285714285714;2.85714285714286;2.85714285714286;2.57142857142857;2.28571428571429;2.57142857142857;2.57142857142857;1.57142857142857;2.85714285714286;"M"
2.57142857142857;3.05351428571428;3.42490924812852;3.28267142857142;3.64336190476192;3.42857142857143;2.28571428571429;2.42862380952381;3.27472292402246;2.73538095238095;2.72981783428465;3.11177028545092;"F"
2.28571428571429;2.71428571428571;2.71428571428571;2.42857142857143;2.9776380952381;3.14285714285714;2.57142857142857;2.42857142857143;2.42857142857143;2.85714285714286;2.27900476190477;2.85157028817269;"M"
2.28571428571429;2.14285714285714;2.14285714285714;2.57142857142857;2.67190952380952;2.85714285714286;2.14285714285714;2.14285714285714;2.28571428571429;1.85714285714286;2.17934729901383;2.85714285714286;"M"
2.28571428571429;2.32855153812972;2.88575487087667;3.27703333333332;3.44954761904761;3.72667142857144;1.85714285714286;1.42857142857143;2.70344781438778;2.71663357297616;2.81242139009084;3.11632788953656;"F"
2.71428571428571;2.99024834246319;3.13660858107262;2.64840000000001;2.57142857142857;2.85714285714286;2.28571428571429;2.53441904761905;2.92166542111312;2.69894344434865;1.42857142857143;1.85714285714286;"F"
3;3.42857142857143;3.57142857142857;4.28571428571429;4.42857142857143;4.28571428571429;1.85714285714286;3.14285714285714;3.71428571428571;3.71428571428571;3.14285714285714;4.57142857142857;"F"
2.57142857142857;2.57142857142857;3;3.42857142857143;2.85714285714286;2.57142857142857;2.42857142857143;2.42857142857143;2.71428571428571;1.85714285714286;2.42857142857143;2.57142857142857;"M"
2.71428571428571;3.14285714285714;2.28571428571429;3.28571428571429;3;3.39068571428571;1.85714285714286;2.57142857142857;2.14285714285714;2.71428571428571;2.57142857142857;3.57142857142857;"M"
2.28571428571429;4.42857142857143;3.13486100048001;3.42857142857143;3.57142857142857;4;2.71428571428571;3.14285714285714;2.57142857142857;2.71428571428571;2.71428571428571;4.14285714285714;"M"
2.14477928820315;1.85714285714286;2.42857142857143;2.14285714285714;2.57142857142857;2.85714285714286;2.14285714285714;3.14285714285714;3.57142857142857;2.28571428571429;3.2770965865716;3.14285714285714;"M"
3;3.14285714285714;2.42857142857143;2.71428571428571;4.28571428571429;3;2.42857142857143;3.28571428571429;3.42857142857143;3;3;2.85714285714286;"F"
2.71428571428571;3.14285714285714;3.14285714285714;3.14285714285714;3.85714285714286;4.14285714285714;1.57142857142857;2.57142857142857;2.14285714285714;2.42857142857143;2;1.42857142857143;"F"
2.57142857142857;2.85714285714286;3.28571428571429;3;2.85714285714286;2.85714285714286;2.28571428571429;2.14285714285714;3;3.14285714285714;2.28571428571429;2.71428571428571;"F"
3;2.8004380952381;2.99192857142857;2.72150952380953;3.11270952380952;3.28571428571429;1.14285714285714;2.2870761904762;2.53687741106047;2.55974285714286;2.24035238095239;2.86053859474927;"M"
2.71428571428571;2.42857142857143;2.85714285714286;3.42857142857143;3.57142857142857;3.57142857142857;2.14285714285714;1.57142857142857;2.71428571428571;2.85714285714286;3;2.57142857142857;"M"
1.42857142857143;2.71428571428571;2.42857142857143;2.28571428571429;2.85714285714286;3.14285714285714;1.85714285714286;2.42857142857143;2.57142857142857;2;2.28571428571429;2.57142857142857;"M"
2.14285714285714;2.57142857142857;2.71428571428571;2.83615238095239;3.14090952380951;3.42447619047617;2.28571428571429;2.28571428571429;2.71428571428571;2.56933333333334;2.29146666666668;2.8663199392143;"M"
2.85714285714286;3.18683333333333;3.14285714285714;4.14285714285714;3.28571428571429;3;1.42857142857143;2.51377025709298;2.85714285714286;2;1.71428571428571;2.57142857142857;"F"
2.28571428571429;2.70953734197075;2.99462213626084;2.8554761904762;3.15139999999999;3.42596666666665;2.57142857142857;2.74347322378459;3.10500952380952;2.88342380952382;2.3887380952381;3.12675238095237;"M"
2.42857142857143;3.71428571428571;3.14285714285714;3.71428571428571;3.14285714285714;3.85714285714286;1.71428571428571;2.14285714285714;2.42857142857143;3.71428571428571;1.28571428571429;2.14285714285714;"M"
2.71428571428571;2.85714285714286;3;3;2.85714285714286;3.14420476190476;2;2.14285714285714;2.14285714285714;2.57142857142857;2.14285714285714;2.70371087662166;"M"
2.57142857142857;3.28571428571429;3;3.42857142857143;3.42949047619047;3.5809523809524;1.85714285714286;2.57142857142857;3;3.28571428571429;2.40679523809524;2.69288002310304;"M"
1.57142857142857;2.57142857142857;3;3.42857142857143;3.28571428571429;2.85714285714286;1.85714285714286;2.42857142857143;2.85714285714286;2.57142857142857;2.42857142857143;2.57142857142857;"M"
2.71428571428571;3;4.14285714285714;3.28571428571429;3.57142857142857;4.57142857142857;1.85714285714286;2;2.57142857142857;2.42857142857143;2.14285714285714;2.42857142857143;"F"
2.85714285714286;3.28571428571429;3.71428571428571;4;4.28571428571429;4.14285714285714;2.57142857142857;2.42857142857143;2.71428571428571;2.71428571428571;2.85714285714286;3.13132718090842;"F"
2.42857142857143;3.14285714285714;3.02862412192752;3.09458095238094;3.26210476190475;3.28571428571429;2.28571428571429;2.57142857142857;2.96905238095238;2.86170631921907;2.31494761904762;2;"M"
2.71428571428571;3;2.71428571428571;3;3.14285714285714;3.14285714285714;2.14285714285714;2.57142857142857;2.57142857142857;2.71428571428571;2.85714285714286;2.85714285714286;"M"
3.42857142857143;3.57142857142857;3.28571428571429;3.14285714285714;2.85714285714286;2.42857142857143;2.71428571428571;2.85714285714286;3;2.28571428571429;2.57142857142857;3.85714285714286;"M"
2.42857142857143;2.50682825068532;2.57142857142857;2.57142857142857;2.71428571428571;2.85714285714286;2;2.25728095238096;1.71428571428571;2.57142857142857;2.14285714285714;2.57923492861289;"M"
2.42857142857143;3.28571428571429;4;3.28571428571429;3.85714285714286;3.85714285714286;1.85714285714286;2;2.71428571428571;3.14285714285714;3;3.14285714285714;"F"
2.42857142857143;3.14285714285714;3.28571428571429;3.28571428571429;3.57142857142857;3.70349047619049;2.57142857142857;3.14285714285714;3;2.42857142857143;2.28571428571429;3.42857142857143;"M"
2.71428571428571;3.14285714285714;3;3.42857142857143;4.14285714285714;4.14285714285714;2;3.14285714285714;2.85714285714286;3.28571428571429;4.14285714285714;3.57142857142857;"M"
2.85714285714286;3.71428571428571;2.42857142857143;2.85714285714286;3.42857142857143;3.42857142857143;1.71428571428571;2.28571428571429;2.71428571428571;2.57142857142857;2.28571428571429;3.48864547822568;"M"
3.57142857142857;4.42857142857143;4.57142857142857;4.14285714285714;4;3.85714285714286;2.28571428571429;3;2.71428571428571;3.42857142857143;3.28571428571429;3.35959243031881;"F"
3;2.42857142857143;2.57142857142857;4.14285714285714;3.42857142857143;3.57142857142857;1.85714285714286;2.42857142857143;2.14285714285714;2.71428571428571;2.14285714285714;3;"F"
2.85714285714286;1.28571428571429;2.40284761904762;1.85714285714286;2.71428571428571;2.14285714285714;3;2.85714285714286;2.94766666666667;1.42857142857143;2.14285714285714;3.14285714285714;"M"
2.14477928820315;4.14285714285714;4.42857142857143;3.71428571428571;3.71428571428571;3.57142857142857;3.14285714285714;3.28571428571429;4;3.42857142857143;3.42857142857143;4;"F"
2.42857142857143;2.14285714285714;3.14285714285714;3.42857142857143;3.14285714285714;4.14285714285714;2.85714285714286;1;2.85714285714286;2.42857142857143;4.14285714285714;2.57142857142857;"M"
2.57142857142857;2.71428571428571;2.42857142857143;1.57142857142857;3;3;2.85714285714286;2.57142857142857;2;1.57142857142857;2;2.71428571428571;"M"
2.71428571428571;4;4;4;3.71428571428571;3.71428571428571;1.57142857142857;2.57142857142857;3.57142857142857;3.42857142857143;3.14285714285714;3.14285714285714;"F"
3.42857142857143;3.71428571428571;4.57142857142857;3.60818095238097;4.04621904761904;4.14285714285714;1.85714285714286;3.14285714285714;3.14285714285714;3.23319108569515;2.94204959212536;3.25011690013078;"F"
2.71428571428571;3.14285714285714;3.28571428571429;3.14285714285714;3.42857142857143;3;2.14285714285714;2.28571428571429;2.14285714285714;3.28571428571429;2;2;"M"
2;2.28571428571429;3.28571428571429;3.14285714285714;3.14285714285714;3.57142857142857;2;2.14285714285714;2.85714285714286;3;1.85714285714286;2.44281447419376;"F"
3.42857142857143;3;2.85714285714286;2.71428571428571;3.28571428571429;3.71428571428571;2.42857142857143;2.28571428571429;3.28571428571429;2.85714285714286;2.14285714285714;3.01578661407491;"M"
2.57142857142857;3.14285714285714;3.49550476190477;3;3.14285714285714;3.57142857142857;2.14285714285714;2.28571428571429;3.005358740292;3.14285714285714;2.85714285714286;2.42857142857143;"F"
3.14285714285714;2.64360952380953;2.63105555555556;2.14285714285714;2.71428571428571;2.85412380952381;3.14285714285714;2.73049770268841;2.5069619047619;1.42857142857143;2.14285714285714;3.14285714285714;"M"
2.28571428571429;3.14285714285714;3.85714285714286;3.14285714285714;3.5423142857143;3.57142857142857;2.57142857142857;3.14285714285714;3;3.71428571428571;2.63279995236498;3.06668351141006;"M"
3.71428571428571;3.14285714285714;3.85714285714286;3.57142857142857;4.14285714285714;4.14285714285714;4.14285714285714;3.57142857142857;4.14285714285714;3;2.85714285714286;2.85714285714286;"F"
1.85714285714286;2;2.42857142857143;3;3.14285714285714;3.11704761904761;2.28571428571429;2;2.85714285714286;1.71428571428571;3;3;"F"
2.28571428571429;2.57142857142857;2.57142857142857;2;2.57142857142857;3;2.42857142857143;1.28571428571429;2.71428571428571;2.71428571428571;1.85714285714286;2.71428571428571;"M"
2.85714285714286;3.28571428571429;3.71428571428571;3.71428571428571;4.28571428571429;4.42857142857143;2.42857142857143;2;3.28571428571429;2.28571428571429;3.14285714285714;2.71428571428571;"M"
3;2.57142857142857;3.14285714285714;3.28571428571429;3.42857142857143;3.14285714285714;2.71428571428571;2.71428571428571;3;3;2.28571428571429;3;"F"
3.14285714285714;3.14285714285714;2.85714285714286;3.57142857142857;3;3.57142857142857;3.42857142857143;2.85714285714286;2.57142857142857;3;2.57142857142857;2.57142857142857;"F"
2.85714285714286;3.42857142857143;3.14285714285714;3.71428571428571;3.28571428571429;4.42857142857143;1.28571428571429;2.57142857142857;2.71428571428571;3.28571428571429;1.85714285714286;1.71428571428571;"F"
2.57142857142857;3.57142857142857;3.42857142857143;3.28571428571429;4;3.28571428571429;1.57142857142857;2.28571428571429;4.14285714285714;2.85714285714286;2.71428571428571;2.85714285714286;"F"
2.85714285714286;3.57142857142857;3.42857142857143;3.42857142857143;4.14285714285714;4.85714285714286;2.85714285714286;3;3.28571428571429;3.28571428571429;3.14285714285714;3.29120693612915;"F"
2.71428571428571;2.85714285714286;3.14285714285714;3.14285714285714;3.57142857142857;3.28571428571429;2.57142857142857;2.71428571428571;3;3;3.28571428571429;2.71428571428571;"F"
2.85714285714286;3;3.02916743050023;1.71428571428571;3.14285714285714;3;2.14285714285714;2.42857142857143;2.92358571428572;1.57142857142857;2.71428571428571;2.57142857142857;"F"
3.71428571428571;1.85714285714286;2.57142857142857;2.28571428571429;2.85714285714286;3.42857142857143;2.42857142857143;2.57142857142857;2.71428571428571;2.85714285714286;2.14285714285714;2.85714285714286;"M"
2.28571428571429;2;2.42857142857143;3.14285714285714;3.42857142857143;3.14285714285714;1.57142857142857;1.57142857142857;2.85714285714286;1.85714285714286;3;3.42857142857143;"F"
1.42857142857143;2.57142857142857;2.71428571428571;3.28571428571429;2.14285714285714;3.14285714285714;1.28571428571429;2.14285714285714;3;2.57142857142857;2.85714285714286;3;"M"
2.28571428571429;2.71428571428571;3.42857142857143;3.28571428571429;3.71428571428571;3.71428571428571;2.14285714285714;2.28571428571429;4.71428571428571;3.14285714285714;3.57142857142857;3;"F"
2.42857142857143;3.14285714285714;3.14285714285714;3.28571428571429;3.85714285714286;3.71428571428571;2;2.42857142857143;2.71428571428571;3;2.42857142857143;2.42857142857143;"F"
2.85714285714286;3.28571428571429;4;3.14285714285714;3.85714285714286;4;2.57142857142857;2.80565951134027;2.71428571428571;2.42857142857143;2.85714285714286;3.28571428571429;"F"
2.71428571428571;2.04883333333334;1.42857142857143;1.71428571428571;2.85714285714286;3.71428571428571;2;1;1.71428571428571;1.14285714285714;1.28571428571429;1.14285714285714;"F"
2.85714285714286;1;2.57142857142857;2.14285714285714;2.71428571428571;3.14285714285714;2.28571428571429;2;2.42857142857143;3.14285714285714;2;2.28571428571429;"M"
3.57142857142857;2.71428571428571;2.42857142857143;3.28571428571429;3.28571428571429;3.71428571428571;3.42857142857143;2.71428571428571;3;3.57142857142857;2.42857142857143;3.42857142857143;"M"
2.85714285714286;1;3.42857142857143;3.28571428571429;3.57142857142857;3.69926190476191;1.42857142857143;1.71428571428571;2;2.42857142857143;2.14285714285714;2.54610796443082;"M"
2.42857142857143;2.14285714285714;3;3.28571428571429;3.57142857142857;4.28571428571429;2.42857142857143;2.14285714285714;3.14285714285714;2.42857142857143;2.28571428571429;3.28571428571429;"F"
2.57142857142857;2;2.57142857142857;2.42857142857143;3.42857142857143;3.57142857142857;1.57142857142857;2.42857142857143;2.14285714285714;2.14285714285714;2.14285714285714;2.28571428571429;"M"
2.42857142857143;2.85714285714286;2.57142857142857;3.14285714285714;2.85714285714286;3.71428571428571;2.57142857142857;2.42857142857143;2;2.57142857142857;2.85714285714286;3.14285714285714;"M"
3.57142857142857;2.71490952380953;2.57163945107597;2.71428571428571;3.28571428571429;3;3.14285714285714;2.69916833402222;2.80813333333333;3.14285714285714;4.14285714285714;3.14285714285714;"M"
3.42857142857143;2.85714285714286;3.14285714285714;3.28571428571429;3.57142857142857;2.85714285714286;3.57142857142857;2.85714285714286;3.14285714285714;3;3;3.14285714285714;"M"
3;2.57142857142857;2.42857142857143;2.57142857142857;3;3;2.14285714285714;1.85714285714286;2.71428571428571;3.42857142857143;2.28571428571429;3.14285714285714;"M"
2.83333333333333;2.57142857142857;3.28571428571429;3.42857142857143;4;3.42857142857143;1.42857142857143;2;1.66666666666667;2.85714285714286;2.14285714285714;2.85714285714286;"M"
3.14285714285714;3.28571428571429;3;2.28571428571429;3;2.42857142857143;2.14285714285714;2.28571428571429;2;1.28571428571429;2.14285714285714;2.42857142857143;"M"
2.42857142857143;2.14285714285714;2;1.71428571428571;2.14285714285714;2.28571428571429;2.42857142857143;2.57142857142857;2.85714285714286;2.28571428571429;2.71428571428571;2.78723652389245;"M"
2.28571428571429;4.42857142857143;3.28571428571429;4;3.85714285714286;3.57142857142857;1.57142857142857;3.71428571428571;3.42857142857143;4;3.28571428571429;3.57142857142857;"F"
2.28571428571429;2.57142857142857;2.42857142857143;2.42857142857143;2.71428571428571;3.71428571428571;2.57142857142857;2.85714285714286;3.28571428571429;2.85714285714286;2.42857142857143;3;"F"
2.14285714285714;2.57142857142857;3;2.57142857142857;3.28571428571429;3.42857142857143;2.28571428571429;3.14285714285714;2.71428571428571;3;2.28571428571429;3.14285714285714;"F"
1.85714285714286;2.71428571428571;3.28571428571429;3;2.57142857142857;3.42857142857143;2.42857142857143;2.57142857142857;3.71428571428571;3.57142857142857;1.42857142857143;2.63053614067668;"M"
2.28571428571429;1.28571428571429;2.42857142857143;2.57142857142857;3.42857142857143;3.25829999999999;2.85714285714286;3;2.85714285714286;2;2.71428571428571;4.14285714285714;"M"
2.57142857142857;3.28571428571429;4.28571428571429;3.85714285714286;3.57142857142857;4.57142857142857;2.28571428571429;2.14285714285714;3.57142857142857;3;3.28571428571429;3.71428571428571;"F"
1.71428571428571;3;2.57142857142857;3;3.28571428571429;3;2;2.42857142857143;2.85714285714286;2;2.42857142857143;2.28571428571429;"M"
2;2.57142857142857;3;3.14285714285714;3;4.57142857142857;2.14285714285714;2.85714285714286;3.14285714285714;3;2;3.28571428571429;"F"
3;3.71428571428571;3.71428571428571;3.45021428571428;3.6810142857143;3.88559047619048;2.85714285714286;2;2.85714285714286;2.94120711072792;2.85673069786452;3;"M"
3;3.28571428571429;3.57142857142857;3.71428571428571;3.71428571428571;4;2.42857142857143;2;2.85714285714286;2.85714285714286;2.71428571428571;3.42857142857143;"F"
2.28571428571429;3.14285714285714;3.14285714285714;3.42857142857143;3.14285714285714;3.74390000000001;2.42857142857143;3.85714285714286;3.57142857142857;3.85714285714286;3.28571428571429;3;"F"
2.42857142857143;3.42857142857143;3;3.14285714285714;3.28571428571429;3.57142857142857;1.57142857142857;2.57142857142857;3.14285714285714;3;2.28571428571429;3.14285714285714;"M"
2.28571428571429;3.14285714285714;3.28571428571429;3.28571428571429;3.57142857142857;4.28571428571429;2.85714285714286;2.28571428571429;2.57142857142857;3;2.71428571428571;3;"M"
2.85714285714286;3;2.28571428571429;3;3.42857142857143;3;2.14285714285714;1.85714285714286;2.22608032147625;2.85714285714286;1.85714285714286;2.28571428571429;"M"
2.28571428571429;4;3.28571428571429;3.42857142857143;3.57142857142857;3.72713333333334;1.57142857142857;3.14285714285714;2.57142857142857;3.57142857142857;1.42857142857143;1.71428571428571;"M"
2.71428571428571;3.14285714285714;2.85714285714286;4;4.14285714285714;4.14285714285714;2.42857142857143;2.42857142857143;2.71428571428571;3.28571428571429;2.28571428571429;2.57142857142857;"F"
3;2.57142857142857;2.42857142857143;3.28571428571429;4.42857142857143;4.42857142857143;2.42857142857143;1.71428571428571;2.57142857142857;3;2.71428571428571;3.14285714285714;"M"
2.28571428571429;2.14285714285714;3.14285714285714;3.71428571428571;3;4.14285714285714;2.42857142857143;2.14285714285714;3.14285714285714;2;2.28571428571429;2.71428571428571;"M"
2.85714285714286;2.71428571428571;3.28571428571429;3.42857142857143;3.57142857142857;3.42857142857143;1.85714285714286;2.14285714285714;2.85714285714286;3.14285714285714;2.14285714285714;2.85714285714286;"M"
2;3.14285714285714;2.71428571428571;3.71428571428571;3.85714285714286;4.28571428571429;1.71428571428571;2.71428571428571;3.14285714285714;2.28571428571429;3;3;"F"
2.42857142857143;3.4980706892411;4;3.57142857142857;3.70692857142858;3.86228095238096;2.71428571428571;3.28571428571429;4.14285714285714;3.57142857142857;3.01660570708202;3.29071904761904;"M"
2;2.42857142857143;2.14285714285714;2;2.71428571428571;2.71428571428571;1.28571428571429;2.14285714285714;2;1.85714285714286;1.71428571428571;1.71428571428571;"M"
2.71428571428571;2.14285714285714;2.57142857142857;1.28571428571429;2.14285714285714;3.71428571428571;2.14285714285714;3;2.71428571428571;2.85714285714286;1.42857142857143;1.57142857142857;"M"
2.42857142857143;3.14285714285714;3.57142857142857;3.57142857142857;3.85714285714286;3.71428571428571;2.57142857142857;3.28571428571429;3.71428571428571;4;3.28571428571429;4;"F"
3.42857142857143;2.71428571428571;3.57142857142857;3.71428571428571;3.71428571428571;4;2.85714285714286;3.71428571428571;4;3.85714285714286;3.42857142857143;4;"F"
2.28571428571429;2.85714285714286;3.14285714285714;2.57142857142857;2.85714285714286;3.14285714285714;2.71428571428571;2.57142857142857;3.14285714285714;2.85714285714286;2.85714285714286;3.12697619047618;"M"
2;2.59574056748905;2.6925380952381;2.3938;2.9759;3.12182857142856;0.714285714285714;2.27844285714286;2.40624761904762;2.42294285714286;2.14798358203116;2.85315594758122;"M"
2.28571428571429;2.57142857142857;3;3.71428571428571;4;4.42857142857143;2;2.28571428571429;2;2.85714285714286;2.71428571428571;3.00746105874137;"F"
2.71428571428571;2.57142857142857;2;1.57142857142857;2;2.57142857142857;1.57142857142857;2.71428571428571;2.71428571428571;2.28571428571429;1.42857142857143;1.85714285714286;"M"
2.28571428571429;2.57142857142857;2.71428571428571;2.57142857142857;2.57142857142857;3.14285714285714;2.85714285714286;3.14285714285714;2.71428571428571;2.85714285714286;2.85714285714286;4.14285714285714;"M"
2.71428571428571;2.85714285714286;2.71428571428571;2.85714285714286;2.85714285714286;3;2.28571428571429;2.14285714285714;2.28571428571429;2.71428571428571;2.28571428571429;2.85714285714286;"M"
2;2;2.37547619047619;2.65046190476191;2.57142857142857;4;2.14285714285714;2.28571428571429;2.38814744674032;2.30493214520181;1.71428571428571;2.14285714285714;"M"
2.14230866277363;2.57142857142857;2.57142857142857;2.57142857142857;3.14285714285714;3;2;2.28571428571429;2.28571428571429;2.28571428571429;2.28571428571429;2.56813333333334;"F"
3.14285714285714;3.26969047619047;3.42466831164225;3.24171904761904;3.51186666666666;4.28571428571429;1.71428571428571;2.55557013234604;3.07569321526648;2.90665773006294;2.62313237117954;2.88527993972502;"F"
2.42857142857143;1.85714285714286;2.57142857142857;2.57142857142857;2.28571428571429;2.71428571428571;2.14285714285714;3;3.57142857142857;3;2.42857142857143;2.57142857142857;"M"
2.57142857142857;2.71428571428571;2.42857142857143;3.57142857142857;3;3.57142857142857;1;2;2.14285714285714;3.42857142857143;1.42857142857143;2.84762503109454;"M"
2.85714285714286;3.14285714285714;4;3.57142857142857;3.42857142857143;4;1.57142857142857;3.14285714285714;2.57142857142857;3;2.28571428571429;2.42857142857143;"F"
2.28571428571429;2;2.28571428571429;2.57142857142857;2.28571428571429;2.96890952380952;2.14285714285714;2;2.57142857142857;2.14285714285714;2.71428571428571;2.85714285714286;"M"
2.85714285714286;2.85714285714286;3.57142857142857;3.28571428571429;3.65860476190477;3.69964761904763;3;2.85714285714286;3.28571428571429;2.28571428571429;2.99315261076422;3.26204820870596;"F"
2.28571428571429;3.42857142857143;3.28571428571429;4;4.14285714285714;3.42857142857143;1.71428571428571;2.57142857142857;3.14285714285714;2.28571428571429;2.14285714285714;2.57142857142857;"M"
1.71428571428571;2.85714285714286;2.42857142857143;3;2.57142857142857;3.28571428571429;2.14285714285714;2.57142857142857;2;2.57142857142857;1.71428571428571;2.85714285714286;"M"
2.14285714285714;2.57142857142857;2.71428571428571;2.42857142857143;3.14285714285714;3.24718571428571;2.28571428571429;2.42857142857143;2.85714285714286;3.14285714285714;2;2.42857142857143;"M"
2.71428571428571;2.57142857142857;3;3.14285714285714;3.42857142857143;4;2.28571428571429;2.85714285714286;2.71428571428571;2.85714285714286;2.85714285714286;3.14835384654862;"F"
2;2.14285714285714;3.28571428571429;3.42857142857143;3.14285714285714;4.28571428571429;2.14285714285714;2.14285714285714;3.42857142857143;2.57142857142857;2.85714285714286;3;"F"
2.71428571428571;3.14285714285714;2.85714285714286;3.14285714285714;2.14285714285714;3.56604285714287;1.85714285714286;3.71428571428571;2.71428571428571;3.28571428571429;2;2;"F"
2.42857142857143;2.71428571428571;2.57142857142857;2.57142857142857;3.28571428571429;2.85714285714286;2;2.71428571428571;3;3.42857142857143;2.14285714285714;3;"F"
2.71428571428571;2.57142857142857;2.42857142857143;2.71428571428571;2.57142857142857;3.28571428571429;2.14285714285714;1.85714285714286;2.42857142857143;2.57142857142857;2;2.42857142857143;"M"
2.5;2;2;2.57142857142857;3.14285714285714;3.57142857142857;1.71428571428571;1.71428571428571;1.57142857142857;1.71428571428571;2.28571428571429;1.85714285714286;"M"
2.14285714285714;2.57142857142857;2.71428571428571;3.14285714285714;3.14285714285714;3.57142857142857;2.14285714285714;3.14285714285714;2.71428571428571;2.57142857142857;2.28571428571429;3;"M"
2.42857142857143;3.14285714285714;3.57142857142857;3.14285714285714;3.42857142857143;3.57142857142857;1.57142857142857;2.14285714285714;2.85714285714286;2.42857142857143;2.71428571428571;3.03473807450973;"F"
2.42857142857143;3;3.14285714285714;2.42857142857143;3.57142857142857;3.43451428571427;2.57142857142857;2.28571428571429;2.42857142857143;2.57142857142857;2.28571428571429;2.71428571428571;"M"
2.14285714285714;2.28571428571429;3;3.57142857142857;3.28571428571429;4.14285714285714;2;1.57142857142857;3.42857142857143;3.14285714285714;2;2;"F"
3.85714285714286;3.85714285714286;3.14285714285714;3.28571428571429;3.71428571428571;3.42857142857143;2.57142857142857;2.85714285714286;3;3;2.14285714285714;4.14285714285714;"M"
2.16666666666667;2.71428571428571;2.85714285714286;3.14285714285714;2.85714285714286;2.85714285714286;2;3.28571428571429;3.28571428571429;4;2.85714285714286;3;"M"
1.85714285714286;2.42857142857143;1.85714285714286;0.857142857142857;2.85714285714286;1.57142857142857;1.71428571428571;2.57142857142857;3;3.42857142857143;2.85714285714286;2.28571428571429;"M"
3.42857142857143;2.85714285714286;2.85714285714286;2.85714285714286;3.14285714285714;3.22924285714286;1.71428571428571;2.28571428571429;3.28571428571429;1.71428571428571;2.42857142857143;1.57142857142857;"M"
2.85714285714286;3.57142857142857;3.28571428571429;3.57142857142857;3.28571428571429;3.57142857142857;2.14285714285714;2.71428571428571;3;3.28571428571429;2.85714285714286;3.28571428571429;"F"
2.28571428571429;2.85714285714286;3.14285714285714;2;2.85714285714286;3.28571428571429;2.85714285714286;2.42857142857143;3;2.57142857142857;2.28571428571429;2.71428571428571;"F"
3.71428571428571;3.85714285714286;3.71428571428571;4.28571428571429;4.28571428571429;4.42857142857143;3;3.42857142857143;3.42857142857143;3.57142857142857;4;3.57142857142857;"F"
2.28571428571429;2.71428571428571;3.28571428571429;3.71428571428571;3.42857142857143;4.42857142857143;1.57142857142857;1.57142857142857;2.85714285714286;3.71428571428571;2.71428571428571;3;"M"
2.71428571428571;2.42857142857143;2.85714285714286;3;3.42857142857143;3.42857142857143;2.57142857142857;2.71428571428571;2.42857142857143;2.42857142857143;2.14285714285714;2.71428571428571;"F"
2.14477928820315;2.14285714285714;3;3.42857142857143;3.10290952380952;2.85714285714286;2.14285714285714;2.14285714285714;2.71428571428571;2.42857142857143;2.40331904761905;2.42857142857143;"M"
1.57142857142857;3.57142857142857;3.57142857142857;3.14285714285714;3.42857142857143;3.57142857142857;1.71428571428571;2.42857142857143;3;3.14285714285714;2.28571428571429;2.86647430028792;"F"
2.14285714285714;2.57142857142857;2.57142857142857;3;3.14285714285714;3.14285714285714;2.85714285714286;2.28571428571429;2.42857142857143;2;2.57142857142857;3;"M"
2.71428571428571;3;3.57142857142857;3.85714285714286;3.42857142857143;3.57142857142857;2.28571428571429;2.57142857142857;3.14285714285714;2.85714285714286;3;3.14285714285714;"F"
2.57142857142857;2.71428571428571;3;3.28571428571429;3.28571428571429;3;2.57142857142857;2.71428571428571;3.28571428571429;3.42857142857143;2.71428571428571;3.57142857142857;"M"
2.85714285714286;3.71428571428571;3.28571428571429;3.57142857142857;3.57142857142857;3.57142857142857;2.14285714285714;3;2.85714285714286;3.14285714285714;3;3.14285714285714;"F"
3.85714285714286;4.28571428571429;4.57142857142857;4.57142857142857;4.17242857142856;4;3;4;3.42857142857143;4.14285714285714;3.13450887217862;2.28571428571429;"F"
2.42857142857143;4.28571428571429;2.85714285714286;3.42857142857143;3.57142857142857;3.85714285714286;1.71428571428571;3.42857142857143;2.85714285714286;3.28571428571429;1.42857142857143;2.14285714285714;"F"
2;2.28571428571429;1.14285714285714;1.85714285714286;2.71428571428571;2.14285714285714;1.85714285714286;2.28571428571429;1.71428571428571;1;2;2.42857142857143;"M"
3.28571428571429;2.85714285714286;2.57142857142857;2.85714285714286;2.57142857142857;3;3.14285714285714;2.71428571428571;2;2.28571428571429;1.14285714285714;2.57142857142857;"F"
2;2.71428571428571;3;3.57142857142857;3.28571428571429;3;1.14285714285714;2.14285714285714;2.57142857142857;3.14285714285714;2.85714285714286;3.28571428571429;"F"
2.85714285714286;2.71428571428571;3.28571428571429;3.1872238095238;3.27921904761904;3.58654761904763;2.57142857142857;4.14285714285714;3.14285714285714;3.33427469609633;2.7607884829074;3.13174286312632;"F"
2.28571428571429;2.57710578732457;3.57142857142857;3.57142857142857;4;3.71428571428571;2.14285714285714;2.36960926212664;3.28571428571429;2.85714285714286;2.57142857142857;3.71428571428571;"M"
2.57142857142857;2.57142857142857;3.14285714285714;3;3.16109999999999;3.28571428571429;2.57142857142857;2.57142857142857;3.71428571428571;3.28571428571429;2.6382790693323;3.15364285714285;"M"
2.85714285714286;2.85714285714286;3.14285714285714;3.14285714285714;3.28571428571429;3.85714285714286;1.71428571428571;3;2.85714285714286;3.28571428571429;2.71428571428571;3.14285714285714;"M"
2.57142857142857;4;4;4;4.14285714285714;4.01625714285714;1.71428571428571;3.71428571428571;4;4.57142857142857;2.85714285714286;3.42857142857143;"F"
2.85714285714286;3.14285714285714;3.28571428571429;3.14285714285714;3.42857142857143;3.28571428571429;2.28571428571429;2.42857142857143;3.28571428571429;2.71428571428571;2.85714285714286;3.42857142857143;"F"
2.42857142857143;2.85714285714286;2.57142857142857;2.85714285714286;3.14285714285714;3.57142857142857;2;2.71428571428571;2.42857142857143;2.28571428571429;2.85714285714286;4.14285714285714;"M"
1.42857142857143;3;2.57142857142857;3;3.28571428571429;3;2.14285714285714;2.57142857142857;2.57142857142857;3;2.57142857142857;2.42857142857143;"M"
3.14285714285714;2.85714285714286;3.28571428571429;3.42857142857143;4.14285714285714;3.42857142857143;2.42857142857143;3;3;2.57142857142857;3.57142857142857;3.57142857142857;"M"
3.28571428571429;3.42857142857143;3.28571428571429;3.14285714285714;3.57142857142857;3.42857142857143;2.57142857142857;2.85714285714286;3;3;3;2.42857142857143;"M"
2.71428571428571;3.28571428571429;3.25683130473688;3.28428095238094;3.56694285714287;3.57142857142857;2.14285714285714;2;2.46510380723057;2.89504285714287;2.38474761904762;2.84446151257093;"M"
2.57142857142857;2.57142857142857;2.71428571428571;2.84910952380953;3.1433857142857;3.42857142857143;2.28571428571429;2.28571428571429;2.42857142857143;2.44669321660709;2.26905238095239;2.57142857142857;"M"
3.71428571428571;3.71428571428571;3.71428571428571;3.14285714285714;3.42857142857143;3.14285714285714;4.14285714285714;2.57142857142857;3.42857142857143;2.42857142857143;3;3.42857142857143;"M"
1.42857142857143;1.71428571428571;1.28571428571429;2.71428571428571;3.28571428571429;3.28571428571429;1.28571428571429;1.42857142857143;1.57142857142857;1.71428571428571;3.28571428571429;3.71428571428571;"M"
1.85714285714286;2.42857142857143;2.57142857142857;2.85714285714286;3.14285714285714;3.14285714285714;1.57142857142857;2.85714285714286;3.57142857142857;2.71428571428571;2.71428571428571;4;"M"
2.57142857142857;2.57142857142857;3;3.42857142857143;2.14285714285714;2.57142857142857;2.42857142857143;2;2.85714285714286;2;2.28571428571429;2.53430953577648;"F"
2.57142857142857;3.28571428571429;3.42857142857143;3.71428571428571;4.14285714285714;4.42857142857143;2.57142857142857;3.14285714285714;2.28571428571429;3.42857142857143;2.57142857142857;2.85714285714286;"F"
2.14230866277363;2.4055;2;1.14285714285714;2.14285714285714;1.57142857142857;2.14285714285714;2.31454285714286;2;1.57142857142857;0.857142857142857;1.85714285714286;"M"
3.85714285714286;3.71428571428571;4.57142857142857;3.57142857142857;4.42857142857143;4.57142857142857;3;4;4;3.28571428571429;3.42857142857143;3.28571428571429;"F"
2.71428571428571;1.57142857142857;2.14285714285714;2;2.78555238095239;2.85714285714286;2.42857142857143;1.14285714285714;2.57142857142857;1.71428571428571;2.2812761904762;2.51726666666667;"M"
2.42857142857143;1.85714285714286;3.28571428571429;2.71428571428571;2.71428571428571;2.71428571428571;1.71428571428571;2.14285714285714;1.71428571428571;2.42857142857143;1.71428571428571;2.71428571428571;"M"
2.42857142857143;3;3.14285714285714;3;3.57142857142857;4;2.2;2.57142857142857;2.71428571428571;2.71428571428571;2.42857142857143;2.42857142857143;"F"
1.85714285714286;2.57142857142857;1.57142857142857;3.42857142857143;2.85714285714286;2.71428571428571;1.71428571428571;2.28571428571429;1.28571428571429;2.71428571428571;2.57142857142857;2.71428571428571;"M"
2.71428571428571;2.85714285714286;2.71428571428571;2;3;3;2.14285714285714;2.42857142857143;3;2.85714285714286;2.28571428571429;2.42857142857143;"M"
3.14285714285714;4.28571428571429;4.57142857142857;4.14285714285714;4;3;2.57142857142857;3.57142857142857;3.71428571428571;4.14285714285714;2.71428571428571;2.85714285714286;"F"
2.71428571428571;3.14285714285714;3.14285714285714;3.42857142857143;3;2.71428571428571;2;1.71428571428571;2.28571428571429;2;1.71428571428571;2.42857142857143;"M"
3;2.57142857142857;3.14285714285714;3.14285714285714;2.71428571428571;4;2.57142857142857;2.71428571428571;3;3;2.85714285714286;3.14285714285714;"F"
2.42857142857143;3.42857142857143;2;1.71428571428571;2.85714285714286;2.85714285714286;2.71428571428571;2.57142857142857;2.14285714285714;1.71428571428571;1.71428571428571;2.57142857142857;"M"
2.85714285714286;3.14285714285714;3.14285714285714;3.28571428571429;3.71428571428571;3.71428571428571;2.85714285714286;2.71428571428571;3.14285714285714;3.57142857142857;3.14285714285714;3.42857142857143;"F"
2.85714285714286;3;3.71428571428571;3.71428571428571;3.71428571428571;3.8744761904762;1.42857142857143;1.85714285714286;2.14285714285714;2.28571428571429;2.14285714285714;2.57142857142857;"M"
2.42857142857143;3.14285714285714;3;2.57142857142857;3.28571428571429;3.71428571428571;1.85714285714286;2.71428571428571;3;2.57142857142857;2.28571428571429;2.71428571428571;"M"
2.14285714285714;3.71428571428571;3.71428571428571;3;3.14285714285714;3.58142857142859;1.85714285714286;2.14285714285714;3;3.42857142857143;1.57142857142857;2.14285714285714;"F"
3.42857142857143;3;2.85714285714286;3.71428571428571;4.42857142857143;4.42857142857143;2.28571428571429;1.85714285714286;2.42857142857143;2.15035946423464;2;1.42857142857143;"M"
2.42857142857143;3.42857142857143;3.28571428571429;3.13475714285713;3.44515714285714;3.71270000000001;2.71428571428571;2;2.71428571428571;2.8876838884099;2.57652051871168;2.83259762713193;"F"
1.71428571428571;2.42857142857143;2.30019523809524;2.57090000000001;2.70604761904762;2.98081904761905;1.71428571428571;2.71428571428571;2.7120380952381;2.56409523809524;2.28111904761905;2.66497773114856;"M"
1.71428571428571;2.4888619047619;2.71428571428571;2.14285714285714;2.71428571428571;2.14285714285714;1;2.27481428571429;2.42857142857143;2.14285714285714;2;2;"M"
2.14285714285714;3;3;2.42857142857143;2.85714285714286;2.42857142857143;2.71428571428571;2.42857142857143;3.28571428571429;1.85714285714286;1.85714285714286;2.57142857142857;"F"
2.85714285714286;3;2.28571428571429;3;3.57142857142857;3.57142857142857;2.14285714285714;1.85714285714286;2.71428571428571;4.57142857142857;2.71428571428571;3.03273087978256;"M"
2.14285714285714;2.28571428571429;2.14285714285714;2;3.28571428571429;3.42857142857143;2.42857142857143;2.14285714285714;2.85714285714286;2.28571428571429;2.85714285714286;3.11695480200895;"M"
2;2.57142857142857;2.42857142857143;2.71428571428571;2.85714285714286;3.28571428571429;2.57142857142857;3.14285714285714;3.28571428571429;2.71428571428571;3;3.255381172477;"M"
3.42857142857143;3.28571428571429;3.42857142857143;3.28571428571429;4.28571428571429;3.42857142857143;2.28571428571429;2.85714285714286;3;3;2.57142857142857;2.42857142857143;"F"
1.28571428571429;1.71428571428571;2.14285714285714;2.57142857142857;2.42857142857143;2.85714285714286;1.71428571428571;2;2.28571428571429;1.71428571428571;2.14285714285714;2.71428571428571;"M"
2.28571428571429;2;2.28571428571429;2.57142857142857;2.69921904761905;2.71428571428571;2.14285714285714;3;3.14285714285714;2.85714285714286;2.4219167302649;3.42857142857143;"F"
2.42857142857143;4.28571428571429;3.13486100048001;3.14285714285714;3.57142857142857;4.28571428571429;2.57142857142857;3.28571428571429;2.85714285714286;3.57142857142857;2.28571428571429;2.28571428571429;"F"
3.32232955926957;3.57142857142857;3.42857142857143;3.57142857142857;3.42857142857143;3.71428571428571;2.85714285714286;3;3;3.42857142857143;2.71428571428571;2.42857142857143;"F"
1.42857142857143;2.28571428571429;2.14285714285714;2.57142857142857;2.57142857142857;2.71428571428571;2.28571428571429;3.14285714285714;3.28571428571429;3.57142857142857;2;2.42857142857143;"M"
2.5;3;2.85714285714286;3;2.85714285714286;3.71428571428571;1.85714285714286;2.57142857142857;2.85714285714286;2.85714285714286;2.57142857142857;2.71428571428571;"M"
2.28571428571429;3.42857142857143;3.28571428571429;3.14285714285714;2.57142857142857;3.71428571428571;1.85714285714286;2.42857142857143;3;2.42857142857143;2.28571428571429;2.71428571428571;"M"
3.71428571428571;2.71428571428571;3.28571428571429;3.28571428571429;3.57142857142857;3.85714285714286;2.85714285714286;2.85714285714286;2.71428571428571;2.57142857142857;3;3.42857142857143;"M"
2;2.71428571428571;2.67599523809524;2.70038095238095;3.00557142857143;3.11565238095237;2;2.28571428571429;2.40203805117621;2.40272857142857;2.13750476190476;2.42857142857143;"M"
2.42857142857143;3.14285714285714;2.85714285714286;3.28571428571429;3.85714285714286;3.85714285714286;2.57142857142857;2.85714285714286;2.85714285714286;2.42857142857143;2.85714285714286;3.14285714285714;"F"
4;3.57142857142857;3;3.42857142857143;3.57142857142857;3.42857142857143;4.14285714285714;4.42857142857143;2.71428571428571;3.57142857142857;2.57142857142857;3.85714285714286;"F"
1.57142857142857;2.28571428571429;2.85714285714286;3.42857142857143;3.28571428571429;3.71428571428571;2.14285714285714;2.14285714285714;2.71428571428571;2.42857142857143;2.42857142857143;3.14285714285714;"F"
2.85714285714286;1.28571428571429;2.14285714285714;1.85714285714286;2.85714285714286;2.71428571428571;2;2;2.28571428571429;2.28571428571429;1.85714285714286;2.57142857142857;"F"
3;3.71428571428571;3.14285714285714;3.57142857142857;3.57142857142857;3.42857142857143;2.14285714285714;3.42857142857143;3;3.57142857142857;2.85714285714286;3.14285714285714;"F"
2.16666666666667;2.42857142857143;2.42857142857143;2.71428571428571;3;2.85714285714286;2.14285714285714;2.42857142857143;2.57142857142857;2.28571428571429;2.57142857142857;2.57142857142857;"M"
2.28571428571429;1.71428571428571;3.28571428571429;2;2.71428571428571;2.71428571428571;1;1.57142857142857;2.42857142857143;1.71428571428571;2.28571428571429;2.71428571428571;"F"
2.71428571428571;2.14285714285714;2.85714285714286;2.85714285714286;3.57142857142857;3.85714285714286;3.14285714285714;2.57142857142857;2.42857142857143;2.57142857142857;3;3;"F"
3;3.28571428571429;2.85714285714286;3.28571428571429;3.85714285714286;3.42857142857143;2.57142857142857;2.42857142857143;2.71428571428571;2.85714285714286;2.14285714285714;3;"M"
2.28571428571429;2.28571428571429;2;0.857142857142857;2;2.09377142857142;2.14285714285714;2;1.85714285714286;1.42857142857143;1;1.85714285714286;"M"
2;2;3.14285714285714;2.71428571428571;3.28571428571429;3;2.14285714285714;2.14285714285714;2.42857142857143;2.42857142857143;2.28571428571429;2.85714285714286;"F"
1.85714285714286;2.57142857142857;2.14285714285714;2.42857142857143;2.57142857142857;3.14285714285714;2.14285714285714;2.14285714285714;2.28571428571429;2.28571428571429;2.42857142857143;2.71428571428571;"M"
1.85714285714286;2.42857142857143;2.28571428571429;2.85714285714286;2.57142857142857;2.71428571428571;2;2.14285714285714;2.14285714285714;2.57142857142857;2;1.71428571428571;"M"
2.57142857142857;2.71428571428571;2.57142857142857;3.57142857142857;3.42857142857143;3;2.42857142857143;2.42857142857143;2.71428571428571;2.28571428571429;3;3.14580476788823;"M"
3.14285714285714;3.42857142857143;2.71428571428571;3.14285714285714;2.57142857142857;4.28571428571429;2.85714285714286;2.71428571428571;2.14285714285714;3.71428571428571;1.85714285714286;2.57142857142857;"F"
2.71428571428571;3.28571428571429;3.42857142857143;3.85714285714286;3.14285714285714;4.71428571428571;1.85714285714286;2.85714285714286;3.57142857142857;3.57142857142857;3.14285714285714;3.14285714285714;"M"
2.42857142857143;3.28571428571429;3.42857142857143;3;3.42857142857143;3.71428571428571;2.57142857142857;3;3.28571428571429;3;2.71428571428571;4;"F"
2.14477928820315;2.42857142857143;2.42857142857143;2.42857142857143;3.14285714285714;3;1.85714285714286;2.42857142857143;3.14285714285714;3.14285714285714;2.14285714285714;2.42857142857143;"M"
2.85714285714286;2.57142857142857;3.14285714285714;2.85714285714286;3.42857142857143;3.71428571428571;1.42857142857143;3.14285714285714;2.85714285714286;2.57142857142857;2.28571428571429;2;"F"
3;3.14285714285714;2.67640019928527;1.71428571428571;3;3;2.00515824680919;2.57142857142857;2.76892732587503;1.14285714285714;2;2.42857142857143;"M"
3.42857142857143;3.28571428571429;3.71428571428571;3.58852857142859;3.9487;4.57142857142857;2.14285714285714;2;3.28571428571429;2.8979387828629;2.8720775290718;2.85714285714286;"F"
2.85714285714286;3.71428571428571;2.85714285714286;3.27531428571427;3.5534142857143;3.42857142857143;2.57142857142857;2;2.42857142857143;2.90387717407756;2.29900476190476;3.07123924434393;"M"
2.42857142857143;3.42857142857143;3;3;3.28571428571429;3.71428571428571;1.57142857142857;2.28571428571429;2.14285714285714;2.57142857142857;1.71428571428571;2.14285714285714;"F"
3.57142857142857;3.28571428571429;3.57142857142857;3.71428571428571;4.28571428571429;4.28571428571429;3.14285714285714;2.57142857142857;2.85714285714286;3.42857142857143;3.57142857142857;3.19912388836024;"F"
2.14285714285714;2.85714285714286;2.71428571428571;3.71428571428571;3.28571428571429;3.42857142857143;2.28571428571429;2.28571428571429;3;3.28571428571429;2;2.57142857142857;"M"
3;3.42857142857143;3.42857142857143;4.28571428571429;4.85714285714286;4.28571428571429;2.85714285714286;2.85714285714286;3.71428571428571;4;4.14285714285714;4;"M"
2.42857142857143;2.28571428571429;3.14285714285714;2.85714285714286;3.57142857142857;3.85714285714286;1.42857142857143;1.85714285714286;2.14285714285714;3;2.71428571428571;3;"M"
3.57142857142857;3.14285714285714;3.14285714285714;3.28571428571429;3;4;2.42857142857143;2.42857142857143;3.14285714285714;2.85714285714286;2;3.42857142857143;"F"
2.57142857142857;3;4.14285714285714;3.14285714285714;3.57142857142857;4.14285714285714;2.85714285714286;2.57142857142857;3.71428571428571;2.85714285714286;2.71428571428571;3.13678571428571;"F"
3.14285714285714;3.71428571428571;4.28571428571429;3.85714285714286;3.71428571428571;4;2.14285714285714;3;4.14285714285714;4.42857142857143;3;3;"M"
1.85714285714286;2.42857142857143;3.57142857142857;3.28571428571429;4;3.57142857142857;2.14285714285714;3.14285714285714;3;2.85714285714286;2.28571428571429;2.85714285714286;"F"
3.14285714285714;3.28571428571429;2.98135095148758;3.28571428571429;4.14285714285714;3.42857142857143;2.42857142857143;2.42857142857143;3.71428571428571;3.14285714285714;3.42857142857143;4;"F"
3.42857142857143;2.71428571428571;3.14285714285714;3.14285714285714;3;3.14285714285714;3.57142857142857;2;2.28571428571429;2.42857142857143;2.14285714285714;2.85714285714286;"M"
2.28571428571429;3.14285714285714;3.23824529345148;3;4.57142857142857;3;2.28571428571429;2.85714285714286;3.11706665418203;3.14285714285714;2.28571428571429;2.85714285714286;"F"
2.57142857142857;2.57142857142857;2.57142857142857;2.42857142857143;2.57142857142857;3.14285714285714;2.57142857142857;2.85714285714286;3;2.85714285714286;2.85714285714286;3.14285714285714;"F"
3.14285714285714;3.42857142857143;3.85714285714286;4;3.57142857142857;4;2.14285714285714;2.14285714285714;3.57142857142857;3.42857142857143;3;3.42857142857143;"F"
2.14285714285714;2.71428571428571;2.94806181681549;2.71428571428571;3.57142857142857;2.28571428571429;2.00515824680919;2.42857142857143;2.88473600729597;1.71428571428571;2.42857142857143;2.28571428571429;"F"
3.57142857142857;3.71428571428571;4.57142857142857;3.28571428571429;4.42857142857143;4.38120952380952;2.42857142857143;3.14285714285714;3.71428571428571;2.85714285714286;3.28571428571429;3.28571428571429;"F"
2.71428571428571;4;4;4;3.42857142857143;3.71428571428571;2.14285714285714;2.85714285714286;3.42857142857143;3.57142857142857;2.71428571428571;3;"F"
3.42857142857143;3;4;4.28571428571429;4.42857142857143;4.28571428571429;2.42857142857143;2.57142857142857;4;3.14285714285714;3;2.85714285714286;"F"
2.28571428571429;2.42857142857143;3.57142857142857;3.28571428571429;4;3.71428571428571;1;2;3.28571428571429;2.71428571428571;2.67454507012219;3.14285714285714;"M"
2;2.71428571428571;3.85714285714286;3.28571428571429;4.42857142857143;4.85714285714286;1.57142857142857;2.28571428571429;3.37524417520232;2.57142857142857;3.28571428571429;3.14285714285714;"F"
3.57142857142857;3.85714285714286;3.71428571428571;4;4.42857142857143;4.42857142857143;2.42857142857143;3.28571428571429;3.42857142857143;3.28571428571429;3.28571428571429;3.57142857142857;"F"
3.42857142857143;3.14285714285714;3.57142857142857;3.14285714285714;2.57142857142857;3.42857142857143;2.71428571428571;2.71428571428571;3.14285714285714;3.57142857142857;1.85714285714286;2.57142857142857;"M"
2;2.14285714285714;2;2.14285714285714;2.71428571428571;3;2.57142857142857;2.85714285714286;2.85714285714286;3;1.71428571428571;2.57142857142857;"M"
2.28571428571429;2.28571428571429;2.14285714285714;2;3.14285714285714;3.42857142857143;1.28571428571429;2;2;1.42857142857143;2.71428571428571;3;"M"
3.42857142857143;3.14285714285714;3.14285714285714;3.42857142857143;3;3.42857142857143;2.57142857142857;2.85714285714286;3.42857142857143;3.57142857142857;2.71428571428571;3.14285714285714;"M"
2.57142857142857;2.85714285714286;3;2.86985714285715;3.24411428571428;3.28571428571429;3.42857142857143;2.28571428571429;2.42857142857143;2.45780476190476;2.27079523809524;2.855848687508;"F"
2.42857142857143;2.28571428571429;3.14285714285714;2.42857142857143;3.28571428571429;3.28571428571429;1;2.42857142857143;2.71428571428571;3;2.71428571428571;4.14285714285714;"M"
2.28571428571429;2.57142857142857;2.57142857142857;2.71428571428571;2.57142857142857;3.57142857142857;2.57142857142857;2.85714285714286;2.85714285714286;2.85714285714286;2.14285714285714;3;"F"
3.14285714285714;4;4;4.71428571428571;4.71428571428571;4.45350476190475;2.85714285714286;3;3.71428571428571;3.28571428571429;3.28571428571429;3.28571428571429;"F"
3.28571428571429;3.71428571428571;3.14285714285714;3.71428571428571;3.69545238095239;3.7314380952381;2.28571428571429;3.42857142857143;3;3.57142857142857;2.88190891723636;3.28571428571429;"M"
2.14285714285714;3.13841904761904;3.2506569048321;3.14913333333332;3.44554285714285;3.57696190476193;1.85714285714286;2.43408571428571;2.9654;2.72575219014217;2.39156666666667;2.56247238296782;"F"
3;2.85714285714286;2.42857142857143;3.28571428571429;4;4.42857142857143;2.71428571428571;3;2.85714285714286;3.14285714285714;2.57142857142857;3;"M"
2.28571428571429;2.14285714285714;4;3.28571428571429;4.57142857142857;4.71428571428571;2.14285714285714;2.14285714285714;2.57142857142857;2.42857142857143;3.14285714285714;4.57142857142857;"F"
3.71428571428571;4.14285714285714;3.57142857142857;3.57142857142857;4;4.42857142857143;3;3.71428571428571;4.71428571428571;3.57142857142857;2.85714285714286;2.71428571428571;"F"
2;2.85714285714286;2.72700788880038;3.00598571428572;3.25349523809523;3.4320857142857;2;2.85714285714286;3.10175492468822;2.57587142857144;2.39614285714286;3.28571428571429;"M"
2.42857142857143;2.14285714285714;4;3.28571428571429;3.42857142857143;2.85714285714286;1;2.85714285714286;3.71428571428571;2.85714285714286;2.71428571428571;3.42857142857143;"M"
2.85714285714286;2.94900952380952;2.48545238095238;2.7410380952381;2.98902380952381;3.57142857142857;1.14285714285714;2.50290278411036;2.18385684911124;2.5727907158333;2.10144285714285;2.66965012476208;"F"
3;2.85714285714286;2.14285714285714;2.85714285714286;3.28571428571429;3.14285714285714;2.28571428571429;2.42857142857143;2.57142857142857;2.85714285714286;2.71428571428571;3.14285714285714;"M"
2.14285714285714;2.28571428571429;2.42857142857143;3.28571428571429;3.57142857142857;3.71428571428571;1.85714285714286;1.57142857142857;2.42857142857143;2.85714285714286;3;3;"M"
3;3.14285714285714;4;3.14285714285714;3.57142857142857;3.85714285714286;2.14285714285714;2.28571428571429;2.28571428571429;2.85714285714286;2;2.42429307112044;"F"
3.85714285714286;3.85714285714286;3.71428571428571;4.57142857142857;4.28571428571429;4.42857142857143;3.28571428571429;4.14285714285714;4;4;3.28571428571429;3.85714285714286;"F"
2.71428571428571;2.71428571428571;3.85714285714286;3.42857142857143;3.42857142857143;3.57142857142857;2.14285714285714;2.14285714285714;2.71428571428571;2.85714285714286;2.57142857142857;3.14285714285714;"F"
2.71428571428571;3.28571428571429;3.85714285714286;2.85714285714286;3.28571428571429;3.85714285714286;1.42857142857143;2;2.85714285714286;2.42857142857143;1.28571428571429;2.28571428571429;"F"
2.28571428571429;3;3.14285714285714;2.85714285714286;2.57142857142857;2.85714285714286;2.57142857142857;2.42857142857143;3;2.14285714285714;2.57142857142857;2.57142857142857;"M"
1.71428571428571;1.85714285714286;2.71428571428571;2;2.68397619047619;2.67943809523809;2;2.42857142857143;2.42857142857143;1.42857142857143;2.10463990745886;2.38264761904762;"M"
2.85714285714286;3.13741428571427;3.15171189931119;3.15184761904761;3.44204285714286;3.68572857142859;1.85714285714286;2.54624564125322;2.85876666666668;2.71460457109456;2.39140476190476;2.67722605390584;"F"
2.71428571428571;3;3.42857142857143;3.42857142857143;3.42857142857143;3;1.85714285714286;2.14285714285714;2.42857142857143;3.14285714285714;2.14285714285714;3.14285714285714;"F"
2.57142857142857;3.85714285714286;2.57142857142857;3.42857142857143;3.28571428571429;3.58298095238097;1.57142857142857;3.14285714285714;3;3.57142857142857;2.71428571428571;3.28571428571429;"F"
2.28571428571429;2.71428571428571;3.28571428571429;2;3.28571428571429;3.71428571428571;2.57142857142857;2.85714285714286;2.71428571428571;2.28571428571429;2.57142857142857;2.71428571428571;"M"
3.14285714285714;3.42857142857143;3.28571428571429;2.28571428571429;3.28571428571429;3.28571428571429;1.85714285714286;2.57142857142857;3;2.57142857142857;2.14285714285714;2.71428571428571;"M"
2.57142857142857;2.28571428571429;3;3.85714285714286;3.14285714285714;4.14285714285714;2.42857142857143;2.14285714285714;2.71428571428571;2.71428571428571;2.28571428571429;2.71428571428571;"F"
2.5;2.71428571428571;3.02812026271393;2.84332857142858;3.18698095238095;4;2.71428571428571;2.71428571428571;3.0088;3.00545586563204;2.43823809523809;3.01564858878065;"F"
2;2.28571428571429;2.42857142857143;2.57142857142857;2.8333761904762;3.14285714285714;2;2.14285714285714;2.28571428571429;2.43004761904762;2.16285714285714;2.69549239770611;"M"
2.71428571428571;3.28571428571429;3.42857142857143;3.85714285714286;3.57142857142857;3.71428571428571;2.57142857142857;2.42857142857143;3.28571428571429;2.71428571428571;3;3;"M"
3.42857142857143;3.14285714285714;3.28571428571429;3.28571428571429;3;3.57142857142857;3.42857142857143;2.57142857142857;3;3.14285714285714;2.28571428571429;2.85714285714286;"M"
2.42857142857143;3.14285714285714;2.85714285714286;3.42857142857143;4.71428571428571;4.85714285714286;2;3.14285714285714;2.85714285714286;2.85714285714286;3.71428571428571;3.42857142857143;"F"
2.14285714285714;2.42857142857143;2.57142857142857;2.71428571428571;2.85714285714286;2.85714285714286;2.57142857142857;2.85714285714286;3.57142857142857;2.85714285714286;2.42857142857143;2.71428571428571;"M"
1.85714285714286;2;2.42857142857143;2.57142857142857;3;2.85714285714286;2.14285714285714;2.57142857142857;3.14285714285714;3.57142857142857;2.85714285714286;2.71428571428571;"M"
2.71428571428571;2.85714285714286;3.14285714285714;3.17513809523809;3.4458238095238;3.42397142857142;2.71428571428571;3.42857142857143;3.28571428571429;3.30298576436847;2.75613209872753;3.13808571428571;"F"
2.28571428571429;3.14285714285714;3.57142857142857;3;3.42857142857143;3.2642238095238;2.42857142857143;3;3.57142857142857;3.14285714285714;2;2.14285714285714;"M"
2.39448308974538;2.14285714285714;2.14285714285714;1.85714285714286;2.71428571428571;2.14285714285714;2.14285714285714;2.71428571428571;3.71428571428571;3.14285714285714;2.42857142857143;3;"M"
3.42857142857143;4;4.42857142857143;3.57142857142857;4;4.57142857142857;2.71428571428571;4;3.42857142857143;3.28571428571429;3.14285714285714;3.71428571428571;"F"
1.57142857142857;2.71428571428571;2.42857142857143;2.28571428571429;2.42857142857143;2.85714285714286;1.85714285714286;2.28571428571429;1.85714285714286;2.57142857142857;1.42857142857143;2.57142857142857;"M"
3.14285714285714;4.28571428571429;4.57142857142857;4.14285714285714;4;3.85714285714286;2.57142857142857;3;4.14285714285714;3.28571428571429;3.14285714285714;3.26267836470058;"F"
2;3.14285714285714;3.14285714285714;3;3.57142857142857;3;2.57142857142857;2.85714285714286;3.57142857142857;3.14285714285714;2.14285714285714;3;"M"
2;2.14285714285714;2.43507142857142;2.58039047619048;2.68510476190477;3.10311428571428;2.14285714285714;2;2.41292857142857;2.31721500464276;2.28108571428572;2.71428571428571;"M"
1.85714285714286;2.28571428571429;2.71428571428571;3.28571428571429;4.42857142857143;4.71428571428571;1.57142857142857;1.85714285714286;1.57142857142857;2.28571428571429;3.71428571428571;3.57142857142857;"M"
2.14285714285714;2.71428571428571;2.85714285714286;3;3.85714285714286;3.71428571428571;2;2.42857142857143;2.85714285714286;2.28571428571429;2.42857142857143;2.28571428571429;"F"
2.42857142857143;2.71506109179102;2.86983885907167;2.84630952380953;3.14993809523808;3.4419476190476;2.57142857142857;2.55222380952381;2.85325714285715;2.72205262059521;2.40368095238095;2.84664546403978;"M"
2.3687044733395;2.57142857142857;2.42857142857143;2.85714285714286;2.71428571428571;2.85714285714286;2.11703502747336;2;2;2.85714285714286;1.71428571428571;2.71428571428571;"M"
2.14230866277363;2.42857142857143;2.42857142857143;2.71428571428571;3;2.85714285714286;1.85714285714286;2.28571428571429;1.85714285714286;2.57142857142857;2;2.42857142857143;"M"
3;1.14285714285714;1.71428571428571;2.03698639455783;1.57142857142857;3;2.28571428571429;1.71428571428571;1.57142857142857;2.11511198284509;1.71428571428571;2.57142857142857;"F"
2.57142857142857;3.14285714285714;3.42857142857143;3.42857142857143;4.14285714285714;4.14285714285714;2.42857142857143;3;2.28571428571429;2.85714285714286;3;3.14285714285714;"F"
2.28571428571429;4;4.42857142857143;3.14285714285714;3.85714285714286;3.85714285714286;1.71428571428571;2.28571428571429;3;2.42857142857143;2.57142857142857;2.57142857142857;"F"
2.57142857142857;3;3.42857142857143;3.42857142857143;3.42857142857143;2.85714285714286;2.42857142857143;2.57142857142857;3.14285714285714;2.14285714285714;2.57142857142857;3;"M"
3;3.28571428571429;3.28571428571429;4.57142857142857;4.42857142857143;3.85714285714286;2;2.85714285714286;3;3;2.42857142857143;2.57142857142857;"M"
2.57142857142857;3;4.14285714285714;3.85714285714286;3.5880142857143;4.00784285714286;1.85714285714286;1.85714285714286;2.42857142857143;3;2.23291976573402;2.67226107863229;"M"
3.42857142857143;3.14285714285714;3.57142857142857;3.57142857142857;3.57142857142857;3.85714285714286;2.71428571428571;2.71428571428571;2.85714285714286;3.57142857142857;2.85714285714286;3.01028796203743;"M"
3.42857142857143;3.57142857142857;4;4.14285714285714;4.57142857142857;5;2.42857142857143;3;2.71428571428571;3.42857142857143;3.57142857142857;4.14285714285714;"F"
2.57142857142857;3.42857142857143;3;3.42857142857143;3.28571428571429;3.71428571428571;1.85714285714286;2.28571428571429;2.42857142857143;2.42857142857143;1.85714285714286;2.71428571428571;"M"
2.28571428571429;2.42857142857143;2.57142857142857;2.42857142857143;2.85714285714286;2.85714285714286;2.85714285714286;2.42857142857143;2;2.57142857142857;2.28571428571429;2.69904603573502;"M"
2.71428571428571;2.57142857142857;3;2.85714285714286;3.57142857142857;3.71428571428571;2.57142857142857;2.71428571428571;2.85714285714286;3.85714285714286;2.14285714285714;3;"F"
3.42857142857143;3.28571428571429;3.42857142857143;4;4.57142857142857;4.28571428571429;3.14285714285714;3.42857142857143;3.42857142857143;3.42857142857143;3.28571428571429;3.14285714285714;"F"
2.42857142857143;2.28571428571429;2;1.85714285714286;2.28571428571429;2.14285714285714;2;1.57142857142857;2;1.14285714285714;1;0.857142857142857;"M"
2.14285714285714;2.42857142857143;2.42857142857143;2.71428571428571;3.14285714285714;3.42857142857143;2.28571428571429;2.14285714285714;2.42857142857143;2.42857142857143;2.42857142857143;3.71428571428571;"M"
1.42857142857143;2.14285714285714;2.42857142857143;2.28571428571429;2.42857142857143;3.28571428571429;1.28571428571429;2;2;1.57142857142857;2;2.42857142857143;"M"
2.28571428571429;3;3.14285714285714;2.85714285714286;2.71428571428571;2.85714285714286;2.71428571428571;3.28571428571429;2.71428571428571;2.28571428571429;2.71428571428571;3.43660313481698;"M"
2.42857142857143;2.71428571428571;3;3.42857142857143;3.42857142857143;3.42857142857143;2.14285714285714;2;3.14285714285714;2.85714285714286;2.14285714285714;3.28571428571429;"M"
2.71428571428571;3.71428571428571;3.57142857142857;3.42857142857143;4;4.42857142857143;2.57142857142857;2.85714285714286;3.57142857142857;2.71428571428571;3.71428571428571;3.14285714285714;"F"
2.57142857142857;2.85714285714286;2.57142857142857;3.28571428571429;3;3.14285714285714;2;2.57142857142857;3;2.57142857142857;2;3.57142857142857;"M"
1.85714285714286;2.14285714285714;2.57142857142857;3.14285714285714;2.71428571428571;3.07940476190476;2;1.71428571428571;2.28571428571429;2.28571428571429;1.71428571428571;2.42857142857143;"F"
2.85714285714286;3.14285714285714;3.42857142857143;3.14285714285714;3.71428571428571;3.28571428571429;2.85714285714286;2.57142857142857;3.14285714285714;3.57142857142857;2.71428571428571;2.28571428571429;"F"
2.57142857142857;3;3.57142857142857;3.57142857142857;4.14285714285714;4.16769047619047;2.42857142857143;2.14285714285714;2.42857142857143;3.42857142857143;2.57142857142857;2.42857142857143;"F"
1.85714285714286;2;2.42857142857143;2.71428571428571;2.71428571428571;2.71428571428571;1.71428571428571;2.42857142857143;2.42857142857143;1.85714285714286;2.57142857142857;2.42857142857143;"F"
2.42857142857143;2.57142857142857;3;3;3.14285714285714;3.14285714285714;2.57142857142857;2.57142857142857;3.71428571428571;2.85714285714286;2.71428571428571;3.42857142857143;"M"
2.42857142857143;2.59704663416793;3;3.85714285714286;4;4.85714285714286;2.42857142857143;1.85714285714286;2;2.85714285714286;1;2.71428571428571;"M"
3.57142857142857;2.71428571428571;3.21767081118266;3.00674761904762;3.32627142857143;4.14285714285714;2.14285714285714;2.28571428571429;2.77131676433675;2.90552204854761;2.44153727253506;3.42857142857143;"F"
2;2.85714285714286;3.71428571428571;3.14285714285714;3.57142857142857;4.14285714285714;2;3;3;2.85714285714286;2.42857142857143;2.87782460964238;"F"
1.85714285714286;3.42857142857143;2.57142857142857;3;4.28571428571429;3.71428571428571;1.85714285714286;2.85714285714286;3;2.14285714285714;1.85714285714286;2.14285714285714;"F"
2.28571428571429;4;4.28571428571429;3.71428571428571;3.71428571428571;4;2.57142857142857;3.85714285714286;3.71428571428571;3.71428571428571;3.42857142857143;4.14285714285714;"F"
2.5;3.03889523809523;3.06384849089789;2.71428571428571;3.28571428571429;2.85714285714286;1.85714285714286;2.41935714285714;2.73272275884535;3.14285714285714;2;1.85714285714286;"F"
3.42857142857143;3.42857142857143;3.71428571428571;3.14285714285714;3.85714285714286;3.28571428571429;2.57142857142857;2.85714285714286;3.42857142857143;2.85714285714286;2.28571428571429;3.05023003702483;"F"
2.28571428571429;3.14285714285714;3;3.28571428571429;3.28571428571429;3.71428571428571;1.71428571428571;2.14285714285714;2.57142857142857;2.42857142857143;1.71428571428571;1.57142857142857;"M"
3.57142857142857;2.85714285714286;3;2.85714285714286;3;3.28571428571429;1.28571428571429;2.57142857142857;3.14285714285714;3.71428571428571;2.85714285714286;3;"F"
3;3.28571428571429;3.85714285714286;3.71428571428571;3.42857142857143;3.85714285714286;1.42857142857143;2.71428571428571;2.85714285714286;2.85714285714286;2.28571428571429;2.85714285714286;"F"
2.14285714285714;2.57142857142857;2.57142857142857;2.71428571428571;3.28571428571429;3.42857142857143;2.57142857142857;2.85714285714286;3;3;2.28571428571429;2.42857142857143;"M"
2.14285714285714;2.57142857142857;2.71428571428571;2.42857142857143;3.28571428571429;3.42857142857143;2.28571428571429;2.85714285714286;3;2.57142857142857;2.57142857142857;2.71428571428571;"M"
2.85714285714286;3;2.57142857142857;3.42857142857143;3;2.71428571428571;1.85714285714286;2.14285714285714;2.28571428571429;2.57142857142857;2.28571428571429;2.66429094408949;"F"
2.42857142857143;2.71428571428571;2.57142857142857;3.57142857142857;4.71428571428571;4.42857142857143;2;2;1.66666666666667;2.85714285714286;2.28571428571429;2.42857142857143;"M"
1.85714285714286;2;2.42857142857143;2.71428571428571;3.28571428571429;2.85714285714286;1.85714285714286;1.71428571428571;2.28571428571429;1.85714285714286;2.28571428571429;2.28571428571429;"M"
2.57142857142857;2.57142857142857;2.14285714285714;3.42857142857143;3.14285714285714;3.28571428571429;2.14285714285714;1.57142857142857;2.42857142857143;3.71428571428571;2.71428571428571;3.42857142857143;"M"
3.28571428571429;3.28571428571429;3.57142857142857;3.71428571428571;3.71428571428571;4;3.28571428571429;4.42857142857143;4.71428571428571;3.57142857142857;2.71428571428571;3.14285714285714;"F"
2.28571428571429;1.28571428571429;2.14285714285714;2;3.28571428571429;3.42857142857143;2.14285714285714;2;2.85714285714286;2.71428571428571;2.28571428571429;3;"M"
2.71428571428571;3;3.42857142857143;3.57142857142857;4.14285714285714;4.57142857142857;2;2.85714285714286;3;2.14285714285714;4.14285714285714;3.26953370714081;"F"
3.14285714285714;3.85714285714286;3.14285714285714;2.28571428571429;3.17009999999999;3.28259047619047;2.71428571428571;3.14285714285714;2.71428571428571;2.14285714285714;2.6208320362749;3;"M"
3.57142857142857;3.71428571428571;4.57142857142857;3.14285714285714;4;4;2.42857142857143;3;3.57142857142857;3.28571428571429;3.28571428571429;4.14285714285714;"F"
2;2.57142857142857;3;3.42857142857143;2.57142857142857;3.42857142857143;2.14285714285714;2;3;2.42857142857143;2.14285714285714;2.14285714285714;"F"
3.71428571428571;4.14285714285714;3.57142857142857;3.57142857142857;3.85714285714286;3.28571428571429;3;4.14285714285714;4.71428571428571;3.57142857142857;3;3.14285714285714;"F"
2.14285714285714;2.57142857142857;2.71428571428571;3;3.14285714285714;2.42857142857143;2;2.85714285714286;3.57142857142857;1.71428571428571;2.42857142857143;2.28571428571429;"M"
2.71428571428571;2.71428571428571;3.85714285714286;3.85714285714286;3.14285714285714;3.42857142857143;1.71428571428571;2.42857142857143;4.71428571428571;3.71428571428571;2;3.28571428571429;"F"
2.57142857142857;2.71428571428571;3.14285714285714;3;3.57142857142857;3.42857142857143;2;2.28571428571429;2.42857142857143;1.71428571428571;2;2.71428571428571;"F"
1.85714285714286;2;2.28571428571429;1.85714285714286;2.71428571428571;2.14285714285714;1.85714285714286;1.71428571428571;1.85714285714286;2.57142857142857;1;0.857142857142857;"F"
1.71428571428571;3;2.57142857142857;2.14285714285714;2.85714285714286;2.85714285714286;1.71428571428571;1.85714285714286;3;3.14285714285714;1.85714285714286;2.28571428571429;"M"
2.28571428571429;2.85714285714286;3.42857142857143;3;3.42857142857143;3;2.42857142857143;3;3.42857142857143;1.85714285714286;2.85714285714286;3.57142857142857;"F"
2.71428571428571;4;3.28571428571429;2.85714285714286;3.28571428571429;3.71428571428571;1.71428571428571;2.28571428571429;2;1.85714285714286;1.57142857142857;2.26211638285322;"F"
2;2.71428571428571;3;3;3.14285714285714;3.42857142857143;2.57142857142857;2.85714285714286;3.14285714285714;2.85714285714286;2.28571428571429;3.42857142857143;"M"
2.42857142857143;2.14285714285714;4;3.57142857142857;3.57142857142857;3.57142857142857;1.42857142857143;1.85714285714286;3.28571428571429;2.71428571428571;2.57142857142857;2.71428571428571;"M"
1.85714285714286;2.42857142857143;3.57142857142857;3.85714285714286;4.42857142857143;4.14285714285714;1.85714285714286;2;3.28571428571429;3;3;4;"M"
2.57142857142857;3;3.14285714285714;3.42857142857143;3.71428571428571;3.57142857142857;2;2.71428571428571;3.71428571428571;3.28571428571429;3;3.42857142857143;"F"
2.42857142857143;3.14285714285714;2.85714285714286;2.85714285714286;2.85714285714286;2.42857142857143;2.71428571428571;3.14285714285714;2.57142857142857;2.57142857142857;2.71428571428571;3.57142857142857;"F"
2.57142857142857;2.71428571428571;3;2.42857142857143;3.28571428571429;3.28571428571429;2.42857142857143;2.28571428571429;3;2.85714285714286;2;3.42857142857143;"F"
3.57142857142857;1.85714285714286;1.28571428571429;1.57142857142857;2.57142857142857;2.57142857142857;3.28571428571429;4.14285714285714;3.57142857142857;3.14285714285714;2;2.14285714285714;"F"
3.57142857142857;3.28571428571429;3.71428571428571;3.85714285714286;3.68534761904762;4;1.71428571428571;2.57142857142857;3;3.28571428571429;2.73937930697488;2.57142857142857;"M"
2.71428571428571;3.28571428571429;3.85714285714286;2.85714285714286;3.28571428571429;3.85714285714286;2.14285714285714;3;3;2.85714285714286;3;2.42857142857143;"F"
2.42857142857143;2.28571428571429;2.57142857142857;3.14285714285714;3;3.2539238095238;3;2.71428571428571;3.71428571428571;3.28571428571429;2.42857142857143;3.28571428571429;"M"
2.28571428571429;1.71428571428571;2.28571428571429;3.42857142857143;3;2.85714285714286;2.28571428571429;1.57142857142857;3.14285714285714;2.28571428571429;2.28571428571429;2.71428571428571;"M"
2.57142857142857;3;4.14285714285714;3.40773333333332;3.5793761904762;3.88957142857144;1.85714285714286;2.42857142857143;2.85714285714286;2.5724440970952;2.40530952380952;2.68651603462372;"F"
2.71428571428571;3.14285714285714;3;4.71428571428571;4.85714285714286;3.42857142857143;2;2.85714285714286;3;3;2.42857142857143;2.85714285714286;"M"
2.14285714285714;2.28571428571429;2.14285714285714;2.57142857142857;3;2.85714285714286;1.71428571428571;2.28571428571429;2.28571428571429;2.28571428571429;2.57142857142857;2.57142857142857;"M"
2.85714285714286;3.42857142857143;3.34876707269359;3.14285714285714;3.14285714285714;3.14285714285714;3.14285714285714;3;3.10643333333333;2.71428571428571;2.71428571428571;2.42857142857143;"F"
2.14285714285714;3;3.14285714285714;3.14285714285714;3.57142857142857;3.57142857142857;2;2.71428571428571;3;2.85714285714286;2.28571428571429;2.68856042421964;"F"
2.28571428571429;3.14285714285714;3.85714285714286;3.28571428571429;3.85714285714286;3.85714285714286;2.57142857142857;2.42857142857143;3.42857142857143;2.42857142857143;2.28571428571429;2.57142857142857;"F"
2.85714285714286;2.76176666666667;1.42857142857143;1.57142857142857;2;2.71428571428571;1.14285714285714;2.42553611744369;0.857142857142857;1.28571428571429;1.42857142857143;1.28571428571429;"F"
3;3.14285714285714;4;3.57142857142857;3.14285714285714;3.28571428571429;2.57142857142857;3;4;3.28571428571429;2.71428571428571;3.42857142857143;"F"
2;2.71428571428571;3;2.71428571428571;3.14285714285714;3.26661428571428;2.42857142857143;2.42857142857143;3;2.57142857142857;1.71428571428571;2.14285714285714;"F"
3.42857142857143;4.28571428571429;3.57142857142857;3.28571428571429;4.42857142857143;4.42857142857143;2.28571428571429;3.42857142857143;4.14285714285714;3.57142857142857;3.14285714285714;3;"F"
2.71428571428571;4;3.85714285714286;3.57142857142857;3.14285714285714;4.28571428571429;2.57142857142857;3.28571428571429;3.28571428571429;3.35012733275853;3;2.85714285714286;"M"
3;3.14285714285714;3.14285714285714;3.14285714285714;2.85714285714286;3.38221904761904;2;2.57142857142857;3;2.57142857142857;2.28571428571429;2.42857142857143;"F"
2.14285714285714;4.14285714285714;3.13486100048001;3.14285714285714;3.57142857142857;3.57142857142857;1.57142857142857;3.14285714285714;3;3.57142857142857;1.85714285714286;2.14285714285714;"F"
2.42857142857143;2.14285714285714;2.14285714285714;1.28571428571429;2.14285714285714;2.65799047619048;3;2.71428571428571;2.14285714285714;2.57142857142857;1.71428571428571;2.57142857142857;"M"
2;2.71428571428571;2.71428571428571;2.28571428571429;3.00364761904762;3.28571428571429;2.28571428571429;2.28571428571429;2.42857142857143;2.28571428571429;2.23793333333333;3.85714285714286;"M"
2.42562722871693;1.28571428571429;2.42857142857143;2.57142857142857;3.28571428571429;3.57142857142857;2.10205914823934;1.14285714285714;2.42857142857143;2.14285714285714;2.85714285714286;2.28571428571429;"M"
3.42857142857143;3;3.85714285714286;3.85714285714286;4;4.28571428571429;2.71428571428571;2.71428571428571;3.28571428571429;2.85714285714286;3.71428571428571;3.14285714285714;"F"
2.85714285714286;3.02172380952381;2.98458378990183;3.00419523809524;3.13498095238094;3.4182238095238;1.85714285714286;2.27694285714286;2.41506017452761;2.54960800247614;2.14489047619047;2.6962113083234;"M"
2.28571428571429;4.42857142857143;3.55013728108862;3.59922380952382;3.61080952380954;3.85714285714286;2.00515824680919;4.14285714285714;3.70953238703235;3.62754879345921;2.93200564156084;3.25724827933577;"M"
3.14285714285714;2.85714285714286;3.15985660845751;3.30061428571428;3.56650476190478;3.58450476190477;3.14285714285714;3.42857142857143;3.04889047619048;3.21003227326297;2.87545714285715;3;"F"
2.57142857142857;3.02504285714286;3.24512126755843;2.60276190476191;3.11347619047619;4.28571428571429;2.42857142857143;2.54939780616803;2.97320914832911;2.37340537545509;2.2638;3.14285714285714;"F"
1.42857142857143;3.57142857142857;2.42857142857143;2.14285714285714;2.57142857142857;3.14285714285714;1.28571428571429;2.14285714285714;2;2.57142857142857;2.42857142857143;3;"M"
3;2.85714285714286;3.57142857142857;3.57142857142857;3;3.59426666666668;1.85714285714286;2.28571428571429;3;3;2;2.84762503109454;"M"
3.14285714285714;3;3.04968880940021;3.2729857142857;3.54380000000002;3.57189523809525;2.57142857142857;2.85714285714286;2.99906190476191;2.90780476190477;2.74805743566612;3.0354619047619;"M"
2.57142857142857;3.57142857142857;3.57142857142857;3.28571428571429;3.42857142857143;3.71428571428571;1.71428571428571;2.57142857142857;3.57142857142857;2.57142857142857;3.71428571428571;4.14285714285714;"F"
1.42857142857143;1.71428571428571;1.71428571428571;2.42857142857143;2.28571428571429;2.85714285714286;1.71428571428571;1.71428571428571;1;2.57142857142857;1;2.14285714285714;"M"
2.28571428571429;2;2;2.14285714285714;2.71428571428571;2.71428571428571;2.14285714285714;3;2.85714285714286;1.71428571428571;2;2.28571428571429;"M"
2.71428571428571;1.57142857142857;2.42857142857143;2;2.71428571428571;2.85714285714286;2;1.85714285714286;2.85714285714286;2.14285714285714;2.57142857142857;1.57142857142857;"M"
2.42857142857143;3;3.14285714285714;3.00583809523809;3.45529523809524;3.4388476190476;2.57142857142857;2.71428571428571;2.85714285714286;2.87796427928845;2.58918303004676;2.67985737492015;"F"
2.57142857142857;2.85714285714286;2.57142857142857;2.85714285714286;3.14285714285714;3.4277476190476;2.42857142857143;2.28571428571429;2.85714285714286;2.42857142857143;2.42857142857143;3.14285714285714;"F"
3.57142857142857;2.85714285714286;3.14285714285714;3.85714285714286;3.42857142857143;3.57142857142857;2.85714285714286;2.85714285714286;3;3.42857142857143;2.85714285714286;2.28571428571429;"F"
3.71428571428571;2;2.57142857142857;2.85714285714286;3.42857142857143;3.57142857142857;2.85714285714286;2.85714285714286;3;3.85714285714286;2.14285714285714;2.71428571428571;"M"
2.85714285714286;3.71428571428571;3.48350654071128;3;3.14285714285714;3;3;3.28571428571429;3.44085448409443;2.57142857142857;2.28571428571429;4.14285714285714;"F"
2;3.14285714285714;2.57142857142857;3.71428571428571;3.57142857142857;3.85714285714286;2;2.42857142857143;2.57142857142857;3.28571428571429;2.42857142857143;3;"M"
3.57142857142857;3.85714285714286;3.71428571428571;4.71428571428571;4.28571428571429;4.28571428571429;3.14285714285714;3.57142857142857;3.42857142857143;4;3.28571428571429;3.85714285714286;"F"
2.42857142857143;3.14285714285714;2.85714285714286;2.57142857142857;3.57142857142857;3.42857142857143;3;3;2.85714285714286;2.57142857142857;2.57142857142857;2.14285714285714;"F"
2.85714285714286;3;2.57142857142857;3;2.85714285714286;3.71428571428571;2.46023069413645;2.14285714285714;2.14285714285714;2.71428571428571;2.42857142857143;2.57142857142857;"M"
2.85714285714286;2.57142857142857;3.28571428571429;3;3.42857142857143;3.14285714285714;1.71428571428571;2.14285714285714;2.57142857142857;2;2.14285714285714;2.28571428571429;"F"
2.71428571428571;3;3.42857142857143;3.57142857142857;3.14285714285714;4;1.57142857142857;2.57142857142857;3;3.28571428571429;2.28571428571429;2.85714285714286;"F"
2.14285714285714;2.42857142857143;2.71428571428571;2.85714285714286;3.28571428571429;3.14285714285714;2.57142857142857;2.85714285714286;3;2.85714285714286;1.71428571428571;2.57142857142857;"M"
1.42857142857143;2.42857142857143;3.57142857142857;4.14285714285714;3.42857142857143;3.42857142857143;2.14285714285714;2.42857142857143;4.71428571428571;3.28571428571429;2.71428571428571;3;"F"
2.71428571428571;2.57142857142857;3;2.85714285714286;3.28571428571429;3.14285714285714;2.85714285714286;2.71428571428571;2;2;2.28571428571429;2.42857142857143;"M"
2.57142857142857;2.42857142857143;3;3;3.57142857142857;4;2.71428571428571;1;3;3.14285714285714;3.42857142857143;3;"F"
3.14285714285714;2.42857142857143;2.71428571428571;2.71428571428571;3.09388571428571;2.57142857142857;2.71428571428571;3.42857142857143;3;2.85714285714286;2.5756732407922;2.57142857142857;"F"
2.57142857142857;3.14285714285714;3.42857142857143;3.14285714285714;3.14285714285714;3.57142857142857;2;2.57142857142857;2.57142857142857;3.42857142857143;3;3.14285714285714;"M"
3.14285714285714;3.14285714285714;2.85714285714286;2.85714285714286;3.28571428571429;3.42857142857143;2.71428571428571;2.57142857142857;3.28571428571429;3;2.14285714285714;3.14285714285714;"F"
3.42857142857143;2.84127977770229;2.73330540646946;3.12092857142857;3.29254761904762;4.14285714285714;3.28571428571429;2.75717322378459;2.89630000000001;2.95207619111735;2.82267514459553;3;"M"
2.71428571428571;4;4;3.14285714285714;4;4.57142857142857;2.42857142857143;2.85714285714286;3;3.14285714285714;3.14285714285714;3.57142857142857;"F"
2.57142857142857;3.42857142857143;3.71428571428571;2.85714285714286;3.42857142857143;3.28571428571429;3.14285714285714;2.14285714285714;3;2.71428571428571;2.71428571428571;3.02444899839369;"F"
2.85714285714286;3.71428571428571;3.28571428571429;3;3;3.42857142857143;2.14285714285714;3;2.71428571428571;2.85714285714286;2.42857142857143;3;"F"
2.57142857142857;2.71428571428571;2.42857142857143;2.69897142857143;3.0002;3.15091428571428;2.85714285714286;2.14285714285714;2.42857142857143;2.4497;2.30014285714286;3.02706219231919;"M"
2.14285714285714;3.71428571428571;3.34587954749141;1.71428571428571;3.57142857142857;3.57142857142857;2.42857142857143;2.28571428571429;3.11732713462031;1.71428571428571;2.42857142857143;4.42857142857143;"F"
2.28571428571429;2;2.57142857142857;2.28571428571429;2.85714285714286;3.08117619047619;2.85714285714286;2.85714285714286;3.42857142857143;2.85714285714286;3.14285714285714;3.14285714285714;"F"
2.85714285714286;3.14285714285714;3.14285714285714;3.28571428571429;3.14285714285714;4.28571428571429;2.42857142857143;2.42857142857143;2.85714285714286;2.28571428571429;2.71428571428571;4.14285714285714;"F"
2.14285714285714;2.71428571428571;2.85714285714286;3.57142857142857;3.85714285714286;3.85070952380954;1.85714285714286;2;2.85714285714286;3.14285714285714;2.85714285714286;3;"M"
3.42857142857143;2.85714285714286;2.57142857142857;4;4.14285714285714;3.85714285714286;3.28571428571429;2.71428571428571;3;3;3.28571428571429;2.71428571428571;"M"
3.42857142857143;2.85714285714286;2;2.85714285714286;3.14285714285714;3.71428571428571;2.42857142857143;2.28571428571429;1.85714285714286;2;2.28571428571429;2.57142857142857;"M"
2.57142857142857;2.57142857142857;3;3.15774761904761;3.31114285714285;3.85714285714286;1.57142857142857;2.28571428571429;3.28571428571429;2.73219523809524;2.30249957469401;2.87110983809134;"F"
3.42857142857143;3.14285714285714;2.85714285714286;2.28571428571429;2.57142857142857;3.28571428571429;2.57142857142857;2.71428571428571;2;1.85714285714286;1.85714285714286;2.57142857142857;"M"
2.28571428571429;3.14285714285714;3.42857142857143;3.28571428571429;3.71428571428571;4.14285714285714;2.28571428571429;2.42857142857143;4.71428571428571;3.85714285714286;2.28571428571429;3.71428571428571;"F"
2.14285714285714;2.42857142857143;2.42857142857143;3;3.57142857142857;3.71428571428571;1.85714285714286;2.57142857142857;3.14285714285714;2.14285714285714;2.85714285714286;3.28571428571429;"M"
3;3.03732380952381;2.96539841967896;2.97585238095238;2.85714285714286;2.85714285714286;1.71428571428571;2.40066666666667;2.66214428508686;2.49293954352959;1.71428571428571;1.71428571428571;"M"
2.42857142857143;2.28571428571429;4;3.57142857142857;3.5758142857143;3.85610476190477;1.42857142857143;1.57142857142857;2.42857142857143;3.57142857142857;2.5871547235182;2.85029420539905;"M"
2.71428571428571;3;2.42857142857143;2.85714285714286;2.42857142857143;3;2;1.85714285714286;2.71428571428571;2.57142857142857;2.28571428571429;2.85714285714286;"M"
2.85714285714286;3.42857142857143;3.57142857142857;3.57142857142857;3.57142857142857;3.71428571428571;2.14285714285714;3;3.14285714285714;2.14285714285714;2.85714285714286;4.14285714285714;"M"
2.57142857142857;2.95089523809524;3.11619523809523;1.57142857142857;2.57142857142857;2.57142857142857;2.42857142857143;2.5121619047619;2.91698095238095;1.57142857142857;1.28571428571429;3.14285714285714;"F"
1.71428571428571;2.85714285714286;2.42857142857143;2.57142857142857;2.42857142857143;3;2.14285714285714;1.85714285714286;2.57142857142857;3.42857142857143;2.28571428571429;2.69766001316365;"M"
3.42857142857143;3.28571428571429;3.57142857142857;4;4.57142857142857;4.42266190476189;3;3.28571428571429;4;3.14285714285714;4;3.42857142857143;"F"
3.42857142857143;3.85714285714286;3;3.14285714285714;3.56667142857144;3;3.14285714285714;3.28571428571429;3.42857142857143;3.42857142857143;2.88676911282454;3.85714285714286;"M"
2.57142857142857;2.28571428571429;2.57142857142857;2.14285714285714;2.71428571428571;2.57142857142857;1.85714285714286;2.28571428571429;2.42857142857143;2.57142857142857;1.71428571428571;2.28571428571429;"M"
2.28571428571429;2.71428571428571;3.42857142857143;3.71428571428571;4.28571428571429;4.07153333333332;2.42857142857143;2.42857142857143;3.14285714285714;3.42857142857143;2.28571428571429;3;"F"
2.85714285714286;2.57142857142857;2.42857142857143;3.42857142857143;2.85714285714286;2.71428571428571;2.14285714285714;2.28571428571429;2.57142857142857;2;2;2.42857142857143;"M"
1.71428571428571;2.14285714285714;2.85714285714286;2.71428571428571;2.57142857142857;2.42857142857143;2;2.28571428571429;2.42857142857143;2.57142857142857;2.57142857142857;2.57142857142857;"F"
1.85714285714286;2.14285714285714;2.14285714285714;3;2.85714285714286;2.85714285714286;1.71428571428571;2.71428571428571;2.57142857142857;2.14285714285714;2;2.39271904761905;"M"
2.42857142857143;1.85714285714286;2.57142857142857;2.57142857142857;2.28571428571429;3;2.14285714285714;2.14285714285714;1.71428571428571;2.57142857142857;1.42857142857143;2.31330385200649;"M"
3.42857142857143;3.28571428571429;3.71428571428571;3.57142857142857;4.14285714285714;4.57142857142857;2;3.14285714285714;4;3.28571428571429;2.85714285714286;3.14285714285714;"F"
2.85714285714286;2.42857142857143;2.85714285714286;3;3.42857142857143;3.42857142857143;2.57142857142857;2.71428571428571;2.42857142857143;2;2.85714285714286;3.85714285714286;"F"
2.57142857142857;3.42857142857143;3;3.14285714285714;4.28571428571429;3.7452;1.57142857142857;3.14285714285714;3;3.28571428571429;2.42857142857143;2.42857142857143;"M"
3.14285714285714;2.42857142857143;2.71428571428571;3.28571428571429;4;4.42857142857143;2.42857142857143;2.14285714285714;2.42857142857143;3;2.14285714285714;2.71428571428571;"M"
3.85714285714286;2.28571428571429;3.71428571428571;3.57142857142857;3.85714285714286;4;2.57142857142857;3;2.71428571428571;3;2.85714285714286;3;"M"
3.28571428571429;3.71428571428571;3;2.85714285714286;3.19532857142857;3.25334285714285;1.85714285714286;2.14285714285714;2;1.28571428571429;1.86087619047619;2.57142857142857;"F"
2.57142857142857;3;4.14285714285714;3.85714285714286;3.14285714285714;3.28571428571429;2;2;3;1.57142857142857;1.57142857142857;2.28571428571429;"F"
3.42857142857143;3.14285714285714;3.85714285714286;3.57142857142857;4.28571428571429;4.71428571428571;2;3.14285714285714;3;2.85714285714286;2.28571428571429;3.14285714285714;"M"
2.42857142857143;2.14285714285714;3.14285714285714;2.42857142857143;3;2.42857142857143;1;2.71428571428571;2.42857142857143;2.28571428571429;1.71428571428571;2.42857142857143;"F"
2.14285714285714;2.42857142857143;2.42857142857143;3.14285714285714;2.85714285714286;3.28571428571429;1.71428571428571;2.28571428571429;2.42857142857143;2.28571428571429;2.14285714285714;2.57142857142857;"M"
2.42857142857143;2.6829303799675;2.58085238095239;2.68105714285715;3.00274761904762;3.1461238095238;2.85714285714286;2.40807142857143;2.3232475427446;2.46172380952381;2.27571428571429;2.8376156923777;"M"
2.42857142857143;2.68884349100311;2.74296581338143;2.81218571428572;3.20605238095237;3.85714285714286;2.42857142857143;2.27375238095239;2.46154761904761;2.56489547773807;2.33463333333333;3.14285714285714;"M"
2.57142857142857;3.57142857142857;3.71428571428571;3.20669047619047;3.14285714285714;4;2.71428571428571;2;3;2.87938571428572;3.14285714285714;3.28571428571429;"F"
2.42857142857143;1.28571428571429;2.42857142857143;2.14285714285714;2.28571428571429;2.85714285714286;2.14285714285714;2;2.71428571428571;1.85714285714286;2;2.42857142857143;"M"
2.42857142857143;1.71428571428571;3.28571428571429;3.42857142857143;3.14285714285714;4.14285714285714;2.42857142857143;2;2.85714285714286;2.28571428571429;2.42857142857143;2;"F"
3.14285714285714;3.28571428571429;3.28571428571429;3.14285714285714;3.57142857142857;3.57142857142857;2.14285714285714;1.42857142857143;2;3.14285714285714;3.42857142857143;3.28571428571429;"M"
3.42857142857143;2.85714285714286;2.14285714285714;2.85714285714286;3.14285714285714;3.28571428571429;2.42857142857143;1.85714285714286;2.57142857142857;3.42857142857143;2.71428571428571;2.57142857142857;"M"
3.32232955926957;3.42857142857143;3.85714285714286;3.85714285714286;3.71428571428571;3.85714285714286;2.28571428571429;3.28571428571429;2.71428571428571;3;2.85714285714286;3.42857142857143;"F"
2;2.71428571428571;3;2.85714285714286;3.14285714285714;3.57142857142857;1.57142857142857;2.28571428571429;2.42857142857143;2.42857142857143;1.71428571428571;2.71428571428571;"M"
3;3.14285714285714;2.42857142857143;3.28571428571429;3;3.57142857142857;2.14285714285714;2.57142857142857;3;2.57142857142857;2.57142857142857;2.71428571428571;"M"
2.28571428571429;2.85714285714286;4;3.14285714285714;3.57142857142857;3.71428571428571;2.14285714285714;3;3.71428571428571;3.28571428571429;3;3.14285714285714;"F"
3;3.42857142857143;3.42857142857143;3.42857142857143;3.70628095238096;3.72733333333334;2.46023069413645;2.85714285714286;3.57142857142857;3.28571428571429;2.92732774872554;2.57142857142857;"M"
2.28571428571429;2;2.71428571428571;2.57142857142857;2.57142857142857;2.42857142857143;1.85714285714286;2.71428571428571;3;1.85714285714286;2.28571428571429;2.28571428571429;"M"
2.28571428571429;1.71428571428571;3.28571428571429;2;2.71428571428571;2.42857142857143;1.42857142857143;2;2.71428571428571;2.14285714285714;1.85714285714286;1.42857142857143;"M"
2.14285714285714;3;3.14285714285714;3;3.57142857142857;3;2.57142857142857;2.42857142857143;2.85714285714286;2.71428571428571;2.85714285714286;3.14285714285714;"F"
2.28571428571429;2.14285714285714;2.57142857142857;2.57142857142857;2.71428571428571;2.71428571428571;1.71428571428571;2.42857142857143;3.71428571428571;2.85714285714286;2.42857142857143;2.67696191074538;"M"
2.42857142857143;3.14285714285714;3.71428571428571;3;3.42857142857143;3.14285714285714;2.57142857142857;3;3.57142857142857;3.71428571428571;2.57142857142857;3.71428571428571;"F"
